Material,E_Pa,Densidade_kg_m3,Poisson_ratio,Limite_Escoamento_Pa,x_m,y_deflexao_mm
Aço_Carbono,200000000000.0,7850,0.3,250000000.0,0.0,0.0
Aço_Carbono,200000000000.0,7850,0.3,250000000.0,0.04,0.0016830737974399999
Aço_Carbono,200000000000.0,7850,0.3,250000000.0,0.08,0.006667858263039999
Aço_Carbono,200000000000.0,7850,0.3,250000000.0,0.12,0.014858585144639997
Aço_Carbono,200000000000.0,7850,0.3,250000000.0,0.16,0.026160669040639996
Aço_Carbono,200000000000.0,7850,0.3,250000000.0,0.2,0.040480707399999996
Aço_Carbono,200000000000.0,7850,0.3,250000000.0,0.24,0.05772648052224
Aço_Carbono,200000000000.0,7850,0.3,250000000.0,0.28,0.07780695155744
Aço_Carbono,200000000000.0,7850,0.3,250000000.0,0.32,0.10063226650623999
Aço_Carbono,200000000000.0,7850,0.3,250000000.0,0.36,0.12611375421983997
Aço_Carbono,200000000000.0,7850,0.3,250000000.0,0.4,0.15416392640000004
Aço_Carbono,200000000000.0,7850,0.3,250000000.0,0.44,0.18469647759904
Aço_Carbono,200000000000.0,7850,0.3,250000000.0,0.48,0.21762628521983998
Aço_Carbono,200000000000.0,7850,0.3,250000000.0,0.52,0.25286940951583997
Aço_Carbono,200000000000.0,7850,0.3,250000000.0,0.56,0.29034309359103994
Aço_Carbono,200000000000.0,7850,0.3,250000000.0,0.6,0.3299657634
Aço_Carbono,200000000000.0,7850,0.3,250000000.0,0.64,0.37165702774784
Aço_Carbono,200000000000.0,7850,0.3,250000000.0,0.68,0.41533767829024004
Aço_Carbono,200000000000.0,7850,0.3,250000000.0,0.72,0.46092968953343993
Aço_Carbono,200000000000.0,7850,0.3,250000000.0,0.76,0.50835621883424
Aço_Carbono,200000000000.0,7850,0.3,250000000.0,0.8,0.5575416064000001
Aço_Carbono,200000000000.0,7850,0.3,250000000.0,0.84,0.6084113752886399
Aço_Carbono,200000000000.0,7850,0.3,250000000.0,0.88,0.6608922314086401
Aço_Carbono,200000000000.0,7850,0.3,250000000.0,0.92,0.71491206351904
Aço_Carbono,200000000000.0,7850,0.3,250000000.0,0.96,0.77039994322944
Aço_Carbono,200000000000.0,7850,0.3,250000000.0,1.0,0.8272861249999999
Aço_Carbono,200000000000.0,7850,0.3,250000000.0,1.04,0.8855020461414401
Aço_Carbono,200000000000.0,7850,0.3,250000000.0,1.08,0.9449803268150399
Aço_Carbono,200000000000.0,7850,0.3,250000000.0,1.12,1.00565477003264
Aço_Carbono,200000000000.0,7850,0.3,250000000.0,1.16,1.0674603616566398
Aço_Carbono,200000000000.0,7850,0.3,250000000.0,1.2,1.1303332704
Aço_Carbono,200000000000.0,7850,0.3,250000000.0,1.24,1.19421084782624
Aço_Carbono,200000000000.0,7850,0.3,250000000.0,1.28,1.2590316283494398
Aço_Carbono,200000000000.0,7850,0.3,250000000.0,1.32,1.3247353292342399
Aço_Carbono,200000000000.0,7850,0.3,250000000.0,1.36,1.3912628505958398
Aço_Carbono,200000000000.0,7850,0.3,250000000.0,1.4000000000000001,1.4585562754
Aço_Carbono,200000000000.0,7850,0.3,250000000.0,1.44,1.5265588694630396
Aço_Carbono,200000000000.0,7850,0.3,250000000.0,1.48,1.59521508145184
Aço_Carbono,200000000000.0,7850,0.3,250000000.0,1.52,1.66447054288384
Aço_Carbono,200000000000.0,7850,0.3,250000000.0,1.56,1.7342720681270398
Aço_Carbono,200000000000.0,7850,0.3,250000000.0,1.6,1.8045676544000002
Aço_Carbono,200000000000.0,7850,0.3,250000000.0,1.6400000000000001,1.8753064817718397
Aço_Carbono,200000000000.0,7850,0.3,250000000.0,1.68,1.9464389131622397
Aço_Carbono,200000000000.0,7850,0.3,250000000.0,1.72,2.01791649434144
Aço_Carbono,200000000000.0,7850,0.3,250000000.0,1.76,2.08969195393024
Aço_Carbono,200000000000.0,7850,0.3,250000000.0,1.8,2.1617192033999997
Aço_Carbono,200000000000.0,7850,0.3,250000000.0,1.84,2.23395333707264
Aço_Carbono,200000000000.0,7850,0.3,250000000.0,1.8800000000000001,2.30635063212064
Aço_Carbono,200000000000.0,7850,0.3,250000000.0,1.92,2.37886854856704
Aço_Carbono,200000000000.0,7850,0.3,250000000.0,1.96,2.4514657292854394
Aço_Carbono,200000000000.0,7850,0.3,250000000.0,2.0,2.5241019999999996
Aço_Inox_304,193000000000.0,7900,0.29,215000000.0,0.0,0.0
Aço_Inox_304,193000000000.0,7900,0.29,215000000.0,0.04,0.0017489327744663209
Aço_Inox_304,193000000000.0,7900,0.29,215000000.0,0.08,0.006928700739647667
Aço_Inox_304,193000000000.0,7900,0.29,215000000.0,0.12,0.015439683527626941
Aço_Inox_304,193000000000.0,7900,0.29,215000000.0,0.16,0.027183494329699475
Aço_Inox_304,193000000000.0,7900,0.29,215000000.0,0.2,0.04206297989637306
Aço_Inox_304,193000000000.0,7900,0.29,215000000.0,0.24,0.05998222053736787
Aço_Inox_304,193000000000.0,7900,0.29,215000000.0,0.28,0.08084653012161659
Aço_Inox_304,193000000000.0,7900,0.29,215000000.0,0.32,0.10456245607726423
Aço_Inox_304,193000000000.0,7900,0.29,215000000.0,0.36,0.13103777939166836
Aço_Inox_304,193000000000.0,7900,0.29,215000000.0,0.4,0.16018151461139898
Aço_Inox_304,193000000000.0,7900,0.29,215000000.0,0.44,0.1919039098422383
Aço_Inox_304,193000000000.0,7900,0.29,215000000.0,0.48,0.22611644674918133
Aço_Inox_304,193000000000.0,7900,0.29,215000000.0,0.52,0.2627318405564353
Aço_Inox_304,193000000000.0,7900,0.29,215000000.0,0.56,0.3016640400474197
Aço_Inox_304,193000000000.0,7900,0.29,215000000.0,0.6,0.34282822756476683
Aço_Inox_304,193000000000.0,7900,0.29,215000000.0,0.64,0.38614081901032127
Aço_Inox_304,193000000000.0,7900,0.29,215000000.0,0.68,0.43151946384513995
Aço_Inox_304,193000000000.0,7900,0.29,215000000.0,0.72,0.4788830450894922
Aço_Inox_304,193000000000.0,7900,0.29,215000000.0,0.76,0.52815167932286
Aço_Inox_304,193000000000.0,7900,0.29,215000000.0,0.8,0.5792467166839379
Aço_Inox_304,193000000000.0,7900,0.29,215000000.0,0.84,0.6320907408706321
Aço_Inox_304,193000000000.0,7900,0.29,215000000.0,0.88,0.686607569140062
Aço_Inox_304,193000000000.0,7900,0.29,215000000.0,0.92,0.7427222523085596
Aço_Inox_304,193000000000.0,7900,0.29,215000000.0,0.96,0.8003610747516684
Aço_Inox_304,193000000000.0,7900,0.29,215000000.0,1.0,0.859451554404145
Aço_Inox_304,193000000000.0,7900,0.29,215000000.0,1.04,0.9199224427599586
Aço_Inox_304,193000000000.0,7900,0.29,215000000.0,1.08,0.98170372487229
Aço_Inox_304,193000000000.0,7900,0.29,215000000.0,1.12,1.0447266193535336
Aço_Inox_304,193000000000.0,7900,0.29,215000000.0,1.16,1.108923578375295
Aço_Inox_304,193000000000.0,7900,0.29,215000000.0,1.2,1.1742282876683936
Aço_Inox_304,193000000000.0,7900,0.29,215000000.0,1.24,1.2405756665228602
Aço_Inox_304,193000000000.0,7900,0.29,215000000.0,1.28,1.3079018677879377
Aço_Inox_304,193000000000.0,7900,0.29,215000000.0,1.32,1.3761442778720827
Aço_Inox_304,193000000000.0,7900,0.29,215000000.0,1.36,1.4452415167429635
Aço_Inox_304,193000000000.0,7900,0.29,215000000.0,1.4000000000000001,1.5151334379274612
Aço_Inox_304,193000000000.0,7900,0.29,215000000.0,1.44,1.5857611285116682
Aço_Inox_304,193000000000.0,7900,0.29,215000000.0,1.48,1.657066909140891
Aço_Inox_304,193000000000.0,7900,0.29,215000000.0,1.52,1.7289943340196476
Aço_Inox_304,193000000000.0,7900,0.29,215000000.0,1.56,1.8014881909116685
Aço_Inox_304,193000000000.0,7900,0.29,215000000.0,1.6,1.8744945011398966
Aço_Inox_304,193000000000.0,7900,0.29,215000000.0,1.6400000000000001,1.947960519586487
Aço_Inox_304,193000000000.0,7900,0.29,215000000.0,1.68,2.0218347346928076
Aço_Inox_304,193000000000.0,7900,0.29,215000000.0,1.72,2.0960668684594403
Aço_Inox_304,193000000000.0,7900,0.29,215000000.0,1.76,2.1706078764461756
Aço_Inox_304,193000000000.0,7900,0.29,215000000.0,1.8,2.2454099477720204
Aço_Inox_304,193000000000.0,7900,0.29,215000000.0,1.84,2.3204265051151913
Aço_Inox_304,193000000000.0,7900,0.29,215000000.0,1.8800000000000001,2.3956122047131188
Aço_Inox_304,193000000000.0,7900,0.29,215000000.0,1.92,2.4709229363624456
Aço_Inox_304,193000000000.0,7900,0.29,215000000.0,1.96,2.5463158234190253
Aço_Inox_304,193000000000.0,7900,0.29,215000000.0,2.0,2.621749222797927
Ferro_Fundido,170000000000.0,7200,0.26,130000000.0,0.0,0.0
Ferro_Fundido,170000000000.0,7200,0.26,130000000.0,0.04,0.0019090253040941175
Ferro_Fundido,170000000000.0,7200,0.26,130000000.0,0.08,0.007564076357270587
Ferro_Fundido,170000000000.0,7200,0.26,130000000.0,0.12,0.01685807314221176
Ferro_Fundido,170000000000.0,7200,0.26,130000000.0,0.16,0.02968521200338823
Ferro_Fundido,170000000000.0,7200,0.26,130000000.0,0.2,0.04594096564705882
Ferro_Fundido,170000000000.0,7200,0.26,130000000.0,0.24,0.06552208314127057
Ferro_Fundido,170000000000.0,7200,0.26,130000000.0,0.28,0.08832658991585882
Ferro_Fundido,170000000000.0,7200,0.26,130000000.0,0.32,0.11425378776244705
Ferro_Fundido,170000000000.0,7200,0.26,130000000.0,0.36,0.14320425483444701
Ferro_Fundido,170000000000.0,7200,0.26,130000000.0,0.4,0.17507984564705883
Ferro_Fundido,170000000000.0,7200,0.26,130000000.0,0.44,0.20978369107727055
Ferro_Fundido,170000000000.0,7200,0.26,130000000.0,0.48,0.2472201983638588
Ferro_Fundido,170000000000.0,7200,0.26,130000000.0,0.52,0.28729505110738823
Ferro_Fundido,170000000000.0,7200,0.26,130000000.0,0.56,0.32991520927021173
Ferro_Fundido,170000000000.0,7200,0.26,130000000.0,0.6,0.37498890917647054
Ferro_Fundido,170000000000.0,7200,0.26,130000000.0,0.64,0.42242566351209404
Ferro_Fundido,170000000000.0,7200,0.26,130000000.0,0.68,0.47213626132479997
Ferro_Fundido,170000000000.0,7200,0.26,130000000.0,0.72,0.524032768024094
Ferro_Fundido,170000000000.0,7200,0.26,130000000.0,0.76,0.5780285253812705
Ferro_Fundido,170000000000.0,7200,0.26,130000000.0,0.8,0.6340381515294118
Ferro_Fundido,170000000000.0,7200,0.26,130000000.0,0.84,0.6919775409633881
Ferro_Fundido,170000000000.0,7200,0.26,130000000.0,0.88,0.7517638645398587
Ferro_Fundido,170000000000.0,7200,0.26,130000000.0,0.92,0.8133155694772705
Ferro_Fundido,170000000000.0,7200,0.26,130000000.0,0.96,0.8765523793558588
Ferro_Fundido,170000000000.0,7200,0.26,130000000.0,1.0,0.9413952941176469
Ferro_Fundido,170000000000.0,7200,0.26,130000000.0,1.04,1.0077665900664472
Ferro_Fundido,170000000000.0,7200,0.26,130000000.0,1.08,1.0755898198678588
Ferro_Fundido,170000000000.0,7200,0.26,130000000.0,1.12,1.1447898125492708
Ferro_Fundido,170000000000.0,7200,0.26,130000000.0,1.16,1.2152926734998588
Ferro_Fundido,170000000000.0,7200,0.26,130000000.0,1.2,1.2870257844705881
Ferro_Fundido,170000000000.0,7200,0.26,130000000.0,1.24,1.3599178035742117
Ferro_Fundido,170000000000.0,7200,0.26,130000000.0,1.28,1.4338986652852703
Ferro_Fundido,170000000000.0,7200,0.26,130000000.0,1.32,1.5088995804400938
Ferro_Fundido,170000000000.0,7200,0.26,130000000.0,1.36,1.5848530362367999
Ferro_Fundido,170000000000.0,7200,0.26,130000000.0,1.4000000000000001,1.6616927962352943
Ferro_Fundido,170000000000.0,7200,0.26,130000000.0,1.44,1.7393539003572704
Ferro_Fundido,170000000000.0,7200,0.26,130000000.0,1.48,1.8177726648862116
Ferro_Fundido,170000000000.0,7200,0.26,130000000.0,1.52,1.8968866824673882
Ferro_Fundido,170000000000.0,7200,0.26,130000000.0,1.56,1.9766348221078585
Ferro_Fundido,170000000000.0,7200,0.26,130000000.0,1.6,2.0569572291764713
Ferro_Fundido,170000000000.0,7200,0.26,130000000.0,1.6400000000000001,2.1377953254038586
Ferro_Fundido,170000000000.0,7200,0.26,130000000.0,1.68,2.2190918088824465
Ferro_Fundido,170000000000.0,7200,0.26,130000000.0,1.72,2.3007906540664465
Ferro_Fundido,170000000000.0,7200,0.26,130000000.0,1.76,2.3828371117718588
Ferro_Fundido,170000000000.0,7200,0.26,130000000.0,1.8,2.4651777091764706
Ferro_Fundido,170000000000.0,7200,0.26,130000000.0,1.84,2.5477602498198584
Ferro_Fundido,170000000000.0,7200,0.26,130000000.0,1.8800000000000001,2.6305338136033884
Ferro_Fundido,170000000000.0,7200,0.26,130000000.0,1.92,2.7134487567902115
Ferro_Fundido,170000000000.0,7200,0.26,130000000.0,1.96,2.79645671200527
Ferro_Fundido,170000000000.0,7200,0.26,130000000.0,2.0,2.879510588235294
Alumínio_6061,69000000000.0,2700,0.33,240000000.0,0.0,0.0
Alumínio_6061,69000000000.0,2700,0.33,240000000.0,0.04,0.0034913096106666654
Alumínio_6061,69000000000.0,2700,0.33,240000000.0,0.08,0.013852316924289851
Alumínio_6061,69000000000.0,2700,0.33,240000000.0,0.12,0.0309145240987826
Alumínio_6061,69000000000.0,2700,0.33,240000000.0,0.16,0.054510612539362305
Alumínio_6061,69000000000.0,2700,0.33,240000000.0,0.2,0.08447444289855072
Alumínio_6061,69000000000.0,2700,0.33,240000000.0,0.24,0.12064105507617388
Alumínio_6061,69000000000.0,2700,0.33,240000000.0,0.28,0.1628466682193623
Alumínio_6061,69000000000.0,2700,0.33,240000000.0,0.32,0.21092868072255067
Alumínio_6061,69000000000.0,2700,0.33,240000000.0,0.36,0.26472567022747817
Alumínio_6061,69000000000.0,2700,0.33,240000000.0,0.4,0.3240773936231884
Alumínio_6061,69000000000.0,2700,0.33,240000000.0,0.44,0.3888247870460289
Alumínio_6061,69000000000.0,2700,0.33,240000000.0,0.48,0.45880996587965206
Alumínio_6061,69000000000.0,2700,0.33,240000000.0,0.52,0.5338762247550145
Alumínio_6061,69000000000.0,2700,0.33,240000000.0,0.56,0.6138680375503767
Alumínio_6061,69000000000.0,2700,0.33,240000000.0,0.6,0.6986310573913043
Alumínio_6061,69000000000.0,2700,0.33,240000000.0,0.64,0.7880121166506665
Alumínio_6061,69000000000.0,2700,0.33,240000000.0,0.68,0.8818592269486377
Alumínio_6061,69000000000.0,2700,0.33,240000000.0,0.72,0.9800215791526954
Alumínio_6061,69000000000.0,2700,0.33,240000000.0,0.76,1.0823495433776231
Alumínio_6061,69000000000.0,2700,0.33,240000000.0,0.8,1.1886946689855074
Alumínio_6061,69000000000.0,2700,0.33,240000000.0,0.84,1.2989096845857386
Alumínio_6061,69000000000.0,2700,0.33,240000000.0,0.88,1.412848498035014
Alumínio_6061,69000000000.0,2700,0.33,240000000.0,0.92,1.530366196437333
Alumínio_6061,69000000000.0,2700,0.33,240000000.0,0.96,1.6513190461439997
Alumínio_6061,69000000000.0,2700,0.33,240000000.0,1.0,1.7755644927536227
Alumínio_6061,69000000000.0,2700,0.33,240000000.0,1.04,1.902961161112116
Alumínio_6061,69000000000.0,2700,0.33,240000000.0,1.08,2.0333688553126956
Alumínio_6061,69000000000.0,2700,0.33,240000000.0,1.12,2.166648558695884
Alumínio_6061,69000000000.0,2700,0.33,240000000.0,1.16,2.3026624338495068
Alumínio_6061,69000000000.0,2700,0.33,240000000.0,1.2,2.441273822608695
Alumínio_6061,69000000000.0,2700,0.33,240000000.0,1.24,2.5823472460558836
Alumínio_6061,69000000000.0,2700,0.33,240000000.0,1.28,2.725748404520811
Alumínio_6061,69000000000.0,2700,0.33,240000000.0,1.32,2.871344177580521
Alumínio_6061,69000000000.0,2700,0.33,240000000.0,1.36,3.019002624059362
Alumínio_6061,69000000000.0,2700,0.33,240000000.0,1.4000000000000001,3.1685929820289855
Alumínio_6061,69000000000.0,2700,0.33,240000000.0,1.44,3.319985668808347
Alumínio_6061,69000000000.0,2700,0.33,240000000.0,1.48,3.473052280963709
Alumínio_6061,69000000000.0,2700,0.33,240000000.0,1.52,3.6276655943086373
Alumínio_6061,69000000000.0,2700,0.33,240000000.0,1.56,3.7836995639039994
Alumínio_6061,69000000000.0,2700,0.33,240000000.0,1.6,3.941029324057972
Alumínio_6061,69000000000.0,2700,0.33,240000000.0,1.6400000000000001,4.099531188326028
Alumínio_6061,69000000000.0,2700,0.33,240000000.0,1.68,4.2590826495109555
Alumínio_6061,69000000000.0,2700,0.33,240000000.0,1.72,4.41956237966284
Alumínio_6061,69000000000.0,2700,0.33,240000000.0,1.76,4.580850230079071
Alumínio_6061,69000000000.0,2700,0.33,240000000.0,1.8,4.742827231304347
Alumínio_6061,69000000000.0,2700,0.33,240000000.0,1.84,4.905375593130666
Alumínio_6061,69000000000.0,2700,0.33,240000000.0,1.8800000000000001,5.068378704597333
Alumínio_6061,69000000000.0,2700,0.33,240000000.0,1.92,5.2317211339909555
Alumínio_6061,69000000000.0,2700,0.33,240000000.0,1.96,5.395288628845448
Alumínio_6061,69000000000.0,2700,0.33,240000000.0,2.0,5.558968115942028
Titânio_Ti6Al4V,114000000000.0,4430,0.34,830000000.0,0.0,0.0
Titânio_Ti6Al4V,114000000000.0,4430,0.34,830000000.0,0.04,0.00239520145774035
Titânio_Ti6Al4V,114000000000.0,4430,0.34,830000000.0,0.08,0.009497442866301753
Titânio_Ti6Al4V,114000000000.0,4430,0.34,830000000.0,0.12,0.02118255809381052
Titânio_Ti6Al4V,114000000000.0,4430,0.34,830000000.0,0.16,0.037327552095214024
Titânio_Ti6Al4V,114000000000.0,4430,0.34,830000000.0,0.2,0.0578106009122807
Titânio_Ti6Al4V,114000000000.0,4430,0.34,830000000.0,0.24,0.08251105167359998
Titânio_Ti6Al4V,114000000000.0,4430,0.34,830000000.0,0.28,0.11130942259458244
Titânio_Ti6Al4V,114000000000.0,4430,0.34,830000000.0,0.32,0.14408740297745962
Titânio_Ti6Al4V,114000000000.0,4430,0.34,830000000.0,0.36,0.18072785321128418
Titânio_Ti6Al4V,114000000000.0,4430,0.34,830000000.0,0.4,0.22111480477192982
Titânio_Ti6Al4V,114000000000.0,4430,0.34,830000000.0,0.44,0.26513346022209117
Titânio_Ti6Al4V,114000000000.0,4430,0.34,830000000.0,0.48,0.31267019321128414
Titânio_Ti6Al4V,114000000000.0,4430,0.34,830000000.0,0.52,0.3636125484758456
Titânio_Ti6Al4V,114000000000.0,4430,0.34,830000000.0,0.56,0.41784924183893324
Titânio_Ti6Al4V,114000000000.0,4430,0.34,830000000.0,0.6,0.47527016021052626
Titânio_Ti6Al4V,114000000000.0,4430,0.34,830000000.0,0.64,0.5357663615874244
Titânio_Ti6Al4V,114000000000.0,4430,0.34,830000000.0,0.68,0.5992300750532491
Titânio_Ti6Al4V,114000000000.0,4430,0.34,830000000.0,0.72,0.6655547007784419
Titânio_Ti6Al4V,114000000000.0,4430,0.34,830000000.0,0.76,0.7346348100202665
Titânio_Ti6Al4V,114000000000.0,4430,0.34,830000000.0,0.8,0.8063661451228071
Titânio_Ti6Al4V,114000000000.0,4430,0.34,830000000.0,0.84,0.8806456195169681
Titânio_Ti6Al4V,114000000000.0,4430,0.34,830000000.0,0.88,0.9573713177204769
Titânio_Ti6Al4V,114000000000.0,4430,0.34,830000000.0,0.92,1.0364424953378806
Titânio_Ti6Al4V,114000000000.0,4430,0.34,830000000.0,0.96,1.1177595790605472
Titânio_Ti6Al4V,114000000000.0,4430,0.34,830000000.0,1.0,1.2012241666666665
Titânio_Ti6Al4V,114000000000.0,4430,0.34,830000000.0,1.04,1.286739027021249
Titânio_Ti6Al4V,114000000000.0,4430,0.34,830000000.0,1.08,1.3742081000761257
Titânio_Ti6Al4V,114000000000.0,4430,0.34,830000000.0,1.12,1.4635364968699507
Titânio_Ti6Al4V,114000000000.0,4430,0.34,830000000.0,1.16,1.554630499528196
Titânio_Ti6Al4V,114000000000.0,4430,0.34,830000000.0,1.2,1.6473975612631573
Titânio_Ti6Al4V,114000000000.0,4430,0.34,830000000.0,1.24,1.7417463063739507
Titânio_Ti6Al4V,114000000000.0,4430,0.34,830000000.0,1.28,1.8375865302465118
Titânio_Ti6Al4V,114000000000.0,4430,0.34,830000000.0,1.32,1.9348291993535995
Titânio_Ti6Al4V,114000000000.0,4430,0.34,830000000.0,1.36,2.0333864512547923
Titânio_Ti6Al4V,114000000000.0,4430,0.34,830000000.0,1.4000000000000001,2.133171594596491
Titânio_Ti6Al4V,114000000000.0,4430,0.34,830000000.0,1.44,2.2340991091119156
Titânio_Ti6Al4V,114000000000.0,4430,0.34,830000000.0,1.48,2.336084645621108
Titânio_Ti6Al4V,114000000000.0,4430,0.34,830000000.0,1.52,2.439045026030933
Titânio_Ti6Al4V,114000000000.0,4430,0.34,830000000.0,1.56,2.5428982433350735
Titânio_Ti6Al4V,114000000000.0,4430,0.34,830000000.0,1.6,2.6475634616140353
Titânio_Ti6Al4V,114000000000.0,4430,0.34,830000000.0,1.6400000000000001,2.752961016035144
Titânio_Ti6Al4V,114000000000.0,4430,0.34,830000000.0,1.68,2.8590124128525467
Titânio_Ti6Al4V,114000000000.0,4430,0.34,830000000.0,1.72,2.965640329407213
Titânio_Ti6Al4V,114000000000.0,4430,0.34,830000000.0,1.76,3.0727686141269324
Titânio_Ti6Al4V,114000000000.0,4430,0.34,830000000.0,1.8,3.180322286526315
Titânio_Ti6Al4V,114000000000.0,4430,0.34,830000000.0,1.84,3.2882275372067924
Titânio_Ti6Al4V,114000000000.0,4430,0.34,830000000.0,1.8800000000000001,3.3964117278566173
Titânio_Ti6Al4V,114000000000.0,4430,0.34,830000000.0,1.92,3.5048033912508623
Titânio_Ti6Al4V,114000000000.0,4430,0.34,830000000.0,1.96,3.613332231251423
Titânio_Ti6Al4V,114000000000.0,4430,0.34,830000000.0,2.0,3.7219291228070164
Cobre,117000000000.0,8960,0.34,70000000.0,0.0,0.0
Cobre,117000000000.0,8960,0.34,70000000.0,0.04,0.003053371490023931
Cobre,117000000000.0,8960,0.34,70000000.0,0.08,0.012093950032519655
Cobre,117000000000.0,8960,0.34,70000000.0,0.12,0.026944162642707683
Cobre,117000000000.0,8960,0.34,70000000.0,0.16,0.047428744211254696
Cobre,117000000000.0,8960,0.34,70000000.0,0.2,0.0733747375042735
Cobre,117000000000.0,8960,0.34,70000000.0,0.24,0.10461149316332305
Cobre,117000000000.0,8960,0.34,70000000.0,0.28,0.14097066970540853
Cobre,117000000000.0,8960,0.34,70000000.0,0.32,0.18228623352298115
Cobre,117000000000.0,8960,0.34,70000000.0,0.36,0.2283944588839384
Cobre,117000000000.0,8960,0.34,70000000.0,0.4,0.27913392793162395
Cobre,117000000000.0,8960,0.34,70000000.0,0.44,0.33434553068482725
Cobre,117000000000.0,8960,0.34,70000000.0,0.48,0.3938724650377845
Cobre,117000000000.0,8960,0.34,70000000.0,0.52,0.45756023676017776
Cobre,117000000000.0,8960,0.34,70000000.0,0.56,0.525256659497135
Cobre,117000000000.0,8960,0.34,70000000.0,0.6,0.5968118547692307
Cobre,117000000000.0,8960,0.34,70000000.0,0.64,0.6720782519724854
Cobre,117000000000.0,8960,0.34,70000000.0,0.68,0.7509105883783658
Cobre,117000000000.0,8960,0.34,70000000.0,0.72,0.8331659091337845
Cobre,117000000000.0,8960,0.34,70000000.0,0.76,0.9187035672611006
Cobre,117000000000.0,8960,0.34,70000000.0,0.8,1.0073852236581198
Cobre,117000000000.0,8960,0.34,70000000.0,0.84,1.099074847098092
Cobre,117000000000.0,8960,0.34,70000000.0,0.88,1.193638714229716
Cobre,117000000000.0,8960,0.34,70000000.0,0.92,1.2909454095771347
Cobre,117000000000.0,8960,0.34,70000000.0,0.96,1.3908658255399382
Cobre,117000000000.0,8960,0.34,70000000.0,1.0,1.493273162393162
Cobre,117000000000.0,8960,0.34,70000000.0,1.04,1.5980429282872886
Cobre,117000000000.0,8960,0.34,70000000.0,1.08,1.7050529392482459
Cobre,117000000000.0,8960,0.34,70000000.0,1.12,1.8141833191774084
Cobre,117000000000.0,8960,0.34,70000000.0,1.16,1.9253164998515966
Cobre,117000000000.0,8960,0.34,70000000.0,1.2,2.0383372209230766
Cobre,117000000000.0,8960,0.34,70000000.0,1.24,2.1531325299195623
Cobre,117000000000.0,8960,0.34,70000000.0,1.28,2.2695917822442113
Cobre,117000000000.0,8960,0.34,70000000.0,1.32,2.3876066411756303
Cobre,117000000000.0,8960,0.34,70000000.0,1.36,2.5070710778678698
Cobre,117000000000.0,8960,0.34,70000000.0,1.4000000000000001,2.627881371350427
Cobre,117000000000.0,8960,0.34,70000000.0,1.44,2.749936108528245
Cobre,117000000000.0,8960,0.34,70000000.0,1.48,2.873136184181716
Cobre,117000000000.0,8960,0.34,70000000.0,1.52,2.997384800966673
Cobre,117000000000.0,8960,0.34,70000000.0,1.56,3.122587469414399
Cobre,117000000000.0,8960,0.34,70000000.0,1.6,3.2486520079316246
Cobre,117000000000.0,8960,0.34,70000000.0,1.6400000000000001,3.375488542800519
Cobre,117000000000.0,8960,0.34,70000000.0,1.68,3.5030095081787063
Cobre,117000000000.0,8960,0.34,70000000.0,1.72,3.6311296460992533
Cobre,117000000000.0,8960,0.34,70000000.0,1.76,3.7597660064706724
Cobre,117000000000.0,8960,0.34,70000000.0,1.8,3.8888379470769223
Cobre,117000000000.0,8960,0.34,70000000.0,1.84,4.018267133577408
Cobre,117000000000.0,8960,0.34,70000000.0,1.8800000000000001,4.147977539506981
Cobre,117000000000.0,8960,0.34,70000000.0,1.92,4.277895446275937
Cobre,117000000000.0,8960,0.34,70000000.0,1.96,4.407949443170023
Cobre,117000000000.0,8960,0.34,70000000.0,2.0,4.538070427350426
Latão,100000000000.0,8500,0.35,120000000.0,0.0,0.0
Latão,100000000000.0,8500,0.35,120000000.0,0.04,0.0034869521727999993
Latão,100000000000.0,8500,0.35,120000000.0,0.08,0.013812503244799998
Latão,100000000000.0,8500,0.35,120000000.0,0.12,0.030775616236799995
Latão,100000000000.0,8500,0.35,120000000.0,0.16,0.054177815756799995
Latão,100000000000.0,8500,0.35,120000000.0,0.2,0.08382318799999999
Latão,100000000000.0,8500,0.35,120000000.0,0.24,0.11951838074879997
Latão,100000000000.0,8500,0.35,120000000.0,0.28,0.1610726033728
Latão,100000000000.0,8500,0.35,120000000.0,0.32,0.2082976268288
Latão,100000000000.0,8500,0.35,120000000.0,0.36,0.26100778366079996
Latão,100000000000.0,8500,0.35,120000000.0,0.4,0.31901996800000004
Latão,100000000000.0,8500,0.35,120000000.0,0.44,0.3821536355647999
Latão,100000000000.0,8500,0.35,120000000.0,0.48,0.4502308036607999
Latão,100000000000.0,8500,0.35,120000000.0,0.52,0.5230760511807999
Latão,100000000000.0,8500,0.35,120000000.0,0.56,0.6005165186048
Latão,100000000000.0,8500,0.35,120000000.0,0.6,0.682381908
Latão,100000000000.0,8500,0.35,120000000.0,0.64,0.7685044830208
Latão,100000000000.0,8500,0.35,120000000.0,0.68,0.8587190689088
Latão,100000000000.0,8500,0.35,120000000.0,0.72,0.9528630524927999
Latão,100000000000.0,8500,0.35,120000000.0,0.76,1.0507763821887999
Latão,100000000000.0,8500,0.35,120000000.0,0.8,1.1523015680000002
Latão,100000000000.0,8500,0.35,120000000.0,0.84,1.2572836815167996
Latão,100000000000.0,8500,0.35,120000000.0,0.88,1.3655703559168
Latão,100000000000.0,8500,0.35,120000000.0,0.92,1.4770117859648
Latão,100000000000.0,8500,0.35,120000000.0,0.96,1.5914607280128001
Latão,100000000000.0,8500,0.35,120000000.0,1.0,1.7087724999999998
Latão,100000000000.0,8500,0.35,120000000.0,1.04,1.8288049814528
Latão,100000000000.0,8500,0.35,120000000.0,1.08,1.9514186134847997
Latão,100000000000.0,8500,0.35,120000000.0,1.12,2.0764763987968
Latão,100000000000.0,8500,0.35,120000000.0,1.16,2.2038439016768
Latão,100000000000.0,8500,0.35,120000000.0,1.2,2.333389248
Latão,100000000000.0,8500,0.35,120000000.0,1.24,2.4649831252288
Latão,100000000000.0,8500,0.35,120000000.0,1.28,2.5984987824127996
Latão,100000000000.0,8500,0.35,120000000.0,1.32,2.7338120301888
Latão,100000000000.0,8500,0.35,120000000.0,1.36,2.8708012407808
Latão,100000000000.0,8500,0.35,120000000.0,1.4000000000000001,3.0093473480000004
Latão,100000000000.0,8500,0.35,120000000.0,1.44,3.149333847244799
Latão,100000000000.0,8500,0.35,120000000.0,1.48,3.2906467955008
Latão,100000000000.0,8500,0.35,120000000.0,1.52,3.4331748113408
Latão,100000000000.0,8500,0.35,120000000.0,1.56,3.5768090749247996
Latão,100000000000.0,8500,0.35,120000000.0,1.6,3.7214433280000008
Latão,100000000000.0,8500,0.35,120000000.0,1.6400000000000001,3.8669738739007995
Latão,100000000000.0,8500,0.35,120000000.0,1.68,4.013299577548799
Latão,100000000000.0,8500,0.35,120000000.0,1.72,4.1603218654528
Latão,100000000000.0,8500,0.35,120000000.0,1.76,4.3079447257088
Latão,100000000000.0,8500,0.35,120000000.0,1.8,4.456074708
Latão,100000000000.0,8500,0.35,120000000.0,1.84,4.6046209235968
Latão,100000000000.0,8500,0.35,120000000.0,1.8800000000000001,4.7534950453568
Latão,100000000000.0,8500,0.35,120000000.0,1.92,4.9026113077248
Latão,100000000000.0,8500,0.35,120000000.0,1.96,5.051886506732799
Latão,100000000000.0,8500,0.35,120000000.0,2.0,5.201239999999999
Magnésio_AZ31B,45000000000.0,1770,0.35,150000000.0,0.0,0.0
Magnésio_AZ31B,45000000000.0,1770,0.35,150000000.0,0.04,0.0049692447963022215
Magnésio_AZ31B,45000000000.0,1770,0.35,150000000.0,0.08,0.019724282024391106
Magnésio_AZ31B,45000000000.0,1770,0.35,150000000.0,0.12,0.044036954964479985
Magnésio_AZ31B,45000000000.0,1770,0.35,150000000.0,0.16,0.0776802922587022
Magnésio_AZ31B,45000000000.0,1770,0.35,150000000.0,0.2,0.1204285079111111
Magnésio_AZ31B,45000000000.0,1770,0.35,150000000.0,0.24,0.17205700128767995
Magnésio_AZ31B,45000000000.0,1770,0.35,150000000.0,0.28,0.23234235711630222
Magnésio_AZ31B,45000000000.0,1770,0.35,150000000.0,0.32,0.301062345486791
Magnésio_AZ31B,45000000000.0,1770,0.35,150000000.0,0.36,0.37799592185087993
Magnésio_AZ31B,45000000000.0,1770,0.35,150000000.0,0.4,0.46292322702222216
Magnésio_AZ31B,45000000000.0,1770,0.35,150000000.0,0.44,0.555625587176391
Magnésio_AZ31B,45000000000.0,1770,0.35,150000000.0,0.48,0.6558855138508799
Magnésio_AZ31B,45000000000.0,1770,0.35,150000000.0,0.52,0.7634867039451022
Magnésio_AZ31B,45000000000.0,1770,0.35,150000000.0,0.56,0.8782140397203909
Magnésio_AZ31B,45000000000.0,1770,0.35,150000000.0,0.6,0.9998535887999999
Magnésio_AZ31B,45000000000.0,1770,0.35,150000000.0,0.64,1.128192604169102
Magnésio_AZ31B,45000000000.0,1770,0.35,150000000.0,0.68,1.263019524174791
Magnésio_AZ31B,45000000000.0,1770,0.35,150000000.0,0.72,1.4041239725260797
Magnésio_AZ31B,45000000000.0,1770,0.35,150000000.0,0.76,1.5512967582939021
Magnésio_AZ31B,45000000000.0,1770,0.35,150000000.0,0.8,1.7043298759111114
Magnésio_AZ31B,45000000000.0,1770,0.35,150000000.0,0.84,1.8630165051724796
Magnésio_AZ31B,45000000000.0,1770,0.35,150000000.0,0.88,2.027151011234702
Magnésio_AZ31B,45000000000.0,1770,0.35,150000000.0,0.92,2.1965289446163907
Magnésio_AZ31B,45000000000.0,1770,0.35,150000000.0,0.96,2.3709470411980798
Magnésio_AZ31B,45000000000.0,1770,0.35,150000000.0,1.0,2.5502032222222217
Magnésio_AZ31B,45000000000.0,1770,0.35,150000000.0,1.04,2.734096594293191
Magnésio_AZ31B,45000000000.0,1770,0.35,150000000.0,1.08,2.9224274493772793
Magnésio_AZ31B,45000000000.0,1770,0.35,150000000.0,1.12,3.114997264802702
Magnésio_AZ31B,45000000000.0,1770,0.35,150000000.0,1.16,3.3116087032595907
Magnésio_AZ31B,45000000000.0,1770,0.35,150000000.0,1.2,3.512065612799999
Magnésio_AZ31B,45000000000.0,1770,0.35,150000000.0,1.24,3.7161730268379016
Magnésio_AZ31B,45000000000.0,1770,0.35,150000000.0,1.28,3.9237371641491907
Magnésio_AZ31B,45000000000.0,1770,0.35,150000000.0,1.32,4.134565428871679
Magnésio_AZ31B,45000000000.0,1770,0.35,150000000.0,1.36,4.348466410505102
Magnésio_AZ31B,45000000000.0,1770,0.35,150000000.0,1.4000000000000001,4.565249883911111
Magnésio_AZ31B,45000000000.0,1770,0.35,150000000.0,1.44,4.7847268093132795
Magnésio_AZ31B,45000000000.0,1770,0.35,150000000.0,1.48,5.006709332297101
Magnésio_AZ31B,45000000000.0,1770,0.35,150000000.0,1.52,5.231010783809991
Magnésio_AZ31B,45000000000.0,1770,0.35,150000000.0,1.56,5.45744568016128
Magnésio_AZ31B,45000000000.0,1770,0.35,150000000.0,1.6,5.685829723022223
Magnésio_AZ31B,45000000000.0,1770,0.35,150000000.0,1.6400000000000001,5.91597979942599
Magnésio_AZ31B,45000000000.0,1770,0.35,150000000.0,1.68,6.147713981767678
Magnésio_AZ31B,45000000000.0,1770,0.35,150000000.0,1.72,6.3808515278043005
Magnésio_AZ31B,45000000000.0,1770,0.35,150000000.0,1.76,6.61521288065479
Magnésio_AZ31B,45000000000.0,1770,0.35,150000000.0,1.8,6.8506196687999985
Magnésio_AZ31B,45000000000.0,1770,0.35,150000000.0,1.84,7.086894706082702
Magnésio_AZ31B,45000000000.0,1770,0.35,150000000.0,1.8800000000000001,7.323861991707591
Magnésio_AZ31B,45000000000.0,1770,0.35,150000000.0,1.92,7.5613467102412795
Magnésio_AZ31B,45000000000.0,1770,0.35,150000000.0,1.96,7.7991752316123
Magnésio_AZ31B,45000000000.0,1770,0.35,150000000.0,2.0,8.037175111111111
Madeira_Pinho,10000000000.0,500,0.37,30000000.0,0.0,0.0
Madeira_Pinho,10000000000.0,500,0.37,30000000.0,0.04,0.020001265983999997
Madeira_Pinho,10000000000.0,500,0.37,30000000.0,0.08,0.07944359014399997
Madeira_Pinho,10000000000.0,500,0.37,30000000.0,0.12,0.17748589190399996
Madeira_Pinho,10000000000.0,500,0.37,30000000.0,0.16,0.3132885975039999
Madeira_Pinho,10000000000.0,500,0.37,30000000.0,0.2,0.48601363999999997
Madeira_Pinho,10000000000.0,500,0.37,30000000.0,0.24,0.6948244592639999
Madeira_Pinho,10000000000.0,500,0.37,30000000.0,0.28,0.9388860019839999
Madeira_Pinho,10000000000.0,500,0.37,30000000.0,0.32,1.2173647216639998
Madeira_Pinho,10000000000.0,500,0.37,30000000.0,0.36,1.5294285786239996
Madeira_Pinho,10000000000.0,500,0.37,30000000.0,0.4,1.8742470399999998
Madeira_Pinho,10000000000.0,500,0.37,30000000.0,0.44,2.2509910797439994
Madeira_Pinho,10000000000.0,500,0.37,30000000.0,0.48,2.6588331786239996
Madeira_Pinho,10000000000.0,500,0.37,30000000.0,0.52,3.096947324224
Madeira_Pinho,10000000000.0,500,0.37,30000000.0,0.56,3.564509010943999
Madeira_Pinho,10000000000.0,500,0.37,30000000.0,0.6,4.060695239999999
Madeira_Pinho,10000000000.0,500,0.37,30000000.0,0.64,4.584684519424
Madeira_Pinho,10000000000.0,500,0.37,30000000.0,0.68,5.135656864064001
Madeira_Pinho,10000000000.0,500,0.37,30000000.0,0.72,5.712793795583999
Madeira_Pinho,10000000000.0,500,0.37,30000000.0,0.76,6.315278342463999
Madeira_Pinho,10000000000.0,500,0.37,30000000.0,0.8,6.942295040000001
Madeira_Pinho,10000000000.0,500,0.37,30000000.0,0.84,7.593029930303998
Madeira_Pinho,10000000000.0,500,0.37,30000000.0,0.88,8.266670562303997
Madeira_Pinho,10000000000.0,500,0.37,30000000.0,0.92,8.962405991744
Madeira_Pinho,10000000000.0,500,0.37,30000000.0,0.96,9.679426781183999
Madeira_Pinho,10000000000.0,500,0.37,30000000.0,1.0,10.416924999999999
Madeira_Pinho,10000000000.0,500,0.37,30000000.0,1.04,11.174094224383998
Madeira_Pinho,10000000000.0,500,0.37,30000000.0,1.08,11.950129537343997
Madeira_Pinho,10000000000.0,500,0.37,30000000.0,1.12,12.744227528704
Madeira_Pinho,10000000000.0,500,0.37,30000000.0,1.16,13.555586295103996
Madeira_Pinho,10000000000.0,500,0.37,30000000.0,1.2,14.383405439999997
Madeira_Pinho,10000000000.0,500,0.37,30000000.0,1.24,15.226886073663996
Madeira_Pinho,10000000000.0,500,0.37,30000000.0,1.28,16.085230813183994
Madeira_Pinho,10000000000.0,500,0.37,30000000.0,1.32,16.957643782463993
Madeira_Pinho,10000000000.0,500,0.37,30000000.0,1.36,17.843330612223994
Madeira_Pinho,10000000000.0,500,0.37,30000000.0,1.4000000000000001,18.74149844
Madeira_Pinho,10000000000.0,500,0.37,30000000.0,1.44,19.651355910143998
Madeira_Pinho,10000000000.0,500,0.37,30000000.0,1.48,20.572113173823997
Madeira_Pinho,10000000000.0,500,0.37,30000000.0,1.52,21.502981889024
Madeira_Pinho,10000000000.0,500,0.37,30000000.0,1.56,22.443175220544
Madeira_Pinho,10000000000.0,500,0.37,30000000.0,1.6,23.391907840000002
Madeira_Pinho,10000000000.0,500,0.37,30000000.0,1.6400000000000001,24.348395925823997
Madeira_Pinho,10000000000.0,500,0.37,30000000.0,1.68,25.311857163263998
Madeira_Pinho,10000000000.0,500,0.37,30000000.0,1.72,26.281510744383993
Madeira_Pinho,10000000000.0,500,0.37,30000000.0,1.76,27.256577368063994
Madeira_Pinho,10000000000.0,500,0.37,30000000.0,1.8,28.236279239999995
Madeira_Pinho,10000000000.0,500,0.37,30000000.0,1.84,29.219840072703995
Madeira_Pinho,10000000000.0,500,0.37,30000000.0,1.8800000000000001,30.206485085504
Madeira_Pinho,10000000000.0,500,0.37,30000000.0,1.92,31.195441004543994
Madeira_Pinho,10000000000.0,500,0.37,30000000.0,1.96,32.185936062783995
Madeira_Pinho,10000000000.0,500,0.37,30000000.0,2.0,33.1772
Madeira_Carvalho,12000000000.0,750,0.35,40000000.0,0.0,0.0
Madeira_Carvalho,12000000000.0,750,0.35,40000000.0,0.04,0.01705491581333333
Madeira_Carvalho,12000000000.0,750,0.35,40000000.0,0.08,0.06773115434666666
Madeira_Carvalho,12000000000.0,750,0.35,40000000.0,0.12,0.15129736487999995
Madeira_Carvalho,12000000000.0,750,0.35,40000000.0,0.16,0.26702408021333324
Madeira_Carvalho,12000000000.0,750,0.35,40000000.0,0.2,0.4141837166666666
Madeira_Carvalho,12000000000.0,750,0.35,40000000.0,0.24,0.59205057408
Madeira_Carvalho,12000000000.0,750,0.35,40000000.0,0.28,0.7999008358133333
Madeira_Carvalho,12000000000.0,750,0.35,40000000.0,0.32,1.0370125687466665
Madeira_Carvalho,12000000000.0,750,0.35,40000000.0,0.36,1.3026657232799999
Madeira_Carvalho,12000000000.0,750,0.35,40000000.0,0.4,1.5961421333333334
Madeira_Carvalho,12000000000.0,750,0.35,40000000.0,0.44,1.9167255163466663
Madeira_Carvalho,12000000000.0,750,0.35,40000000.0,0.48,2.26370147328
Madeira_Carvalho,12000000000.0,750,0.35,40000000.0,0.52,2.6363574886133336
Madeira_Carvalho,12000000000.0,750,0.35,40000000.0,0.56,3.0339829303466663
Madeira_Carvalho,12000000000.0,750,0.35,40000000.0,0.6,3.4558690499999996
Madeira_Carvalho,12000000000.0,750,0.35,40000000.0,0.64,3.9013089826133327
Madeira_Carvalho,12000000000.0,750,0.35,40000000.0,0.68,4.369597746746667
Madeira_Carvalho,12000000000.0,750,0.35,40000000.0,0.72,4.860032244479999
Madeira_Carvalho,12000000000.0,750,0.35,40000000.0,0.76,5.371911261413333
Madeira_Carvalho,12000000000.0,750,0.35,40000000.0,0.8,5.904535466666667
Madeira_Carvalho,12000000000.0,750,0.35,40000000.0,0.84,6.457207412879999
Madeira_Carvalho,12000000000.0,750,0.35,40000000.0,0.88,7.029231536213332
Madeira_Carvalho,12000000000.0,750,0.35,40000000.0,0.92,7.619914156346666
Madeira_Carvalho,12000000000.0,750,0.35,40000000.0,0.96,8.22856347648
Madeira_Carvalho,12000000000.0,750,0.35,40000000.0,1.0,8.854489583333331
Madeira_Carvalho,12000000000.0,750,0.35,40000000.0,1.04,9.497004447146667
Madeira_Carvalho,12000000000.0,750,0.35,40000000.0,1.08,10.155421921679999
Madeira_Carvalho,12000000000.0,750,0.35,40000000.0,1.12,10.829057744213332
Madeira_Carvalho,12000000000.0,750,0.35,40000000.0,1.16,11.517229535546665
Madeira_Carvalho,12000000000.0,750,0.35,40000000.0,1.2,12.219256799999998
Madeira_Carvalho,12000000000.0,750,0.35,40000000.0,1.24,12.934460925413333
Madeira_Carvalho,12000000000.0,750,0.35,40000000.0,1.28,13.662165183146666
Madeira_Carvalho,12000000000.0,750,0.35,40000000.0,1.32,14.401694728079997
Madeira_Carvalho,12000000000.0,750,0.35,40000000.0,1.36,15.152376598613332
Madeira_Carvalho,12000000000.0,750,0.35,40000000.0,1.4000000000000001,15.913539716666667
Madeira_Carvalho,12000000000.0,750,0.35,40000000.0,1.44,16.684514887679995
Madeira_Carvalho,12000000000.0,750,0.35,40000000.0,1.48,17.464634800613332
Madeira_Carvalho,12000000000.0,750,0.35,40000000.0,1.52,18.253234027946664
Madeira_Carvalho,12000000000.0,750,0.35,40000000.0,1.56,19.049649025679997
Madeira_Carvalho,12000000000.0,750,0.35,40000000.0,1.6,19.853218133333336
Madeira_Carvalho,12000000000.0,750,0.35,40000000.0,1.6400000000000001,20.663281573946662
Madeira_Carvalho,12000000000.0,750,0.35,40000000.0,1.68,21.479181454079995
Madeira_Carvalho,12000000000.0,750,0.35,40000000.0,1.72,22.300261763813328
Madeira_Carvalho,12000000000.0,750,0.35,40000000.0,1.76,23.125868376746666
Madeira_Carvalho,12000000000.0,750,0.35,40000000.0,1.8,23.955349049999995
Madeira_Carvalho,12000000000.0,750,0.35,40000000.0,1.84,24.78805342421333
Madeira_Carvalho,12000000000.0,750,0.35,40000000.0,1.8800000000000001,25.623333023546667
Madeira_Carvalho,12000000000.0,750,0.35,40000000.0,1.92,26.460541255679995
Madeira_Carvalho,12000000000.0,750,0.35,40000000.0,1.96,27.299033411813326
Madeira_Carvalho,12000000000.0,750,0.35,40000000.0,2.0,28.138166666666663
Nylon_66,3000000000.0,1140,0.4,50000000.0,0.0,0.0
Nylon_66,3000000000.0,1140,0.4,50000000.0,0.04,0.07063575481173331
Nylon_66,3000000000.0,1140,0.4,50000000.0,0.08,0.28046035176106665
Nylon_66,3000000000.0,1140,0.4,50000000.0,0.12,0.6263583784703999
Nylon_66,3000000000.0,1140,0.4,50000000.0,0.16,1.105225874363733
Nylon_66,3000000000.0,1140,0.4,50000000.0,0.2,1.7139703306666665
Nylon_66,3000000000.0,1140,0.4,50000000.0,0.24,2.4495106904063997
Nylon_66,3000000000.0,1140,0.4,50000000.0,0.28,3.308777348411733
Nylon_66,3000000000.0,1140,0.4,50000000.0,0.32,4.2887121513130655
Nylon_66,3000000000.0,1140,0.4,50000000.0,0.36,5.386268397542398
Nylon_66,3000000000.0,1140,0.4,50000000.0,0.4,6.598410837333334
Nylon_66,3000000000.0,1140,0.4,50000000.0,0.44,7.922115672721065
Nylon_66,3000000000.0,1140,0.4,50000000.0,0.48,9.3543705575424
Nylon_66,3000000000.0,1140,0.4,50000000.0,0.52,10.892174597435734
Nylon_66,3000000000.0,1140,0.4,50000000.0,0.56,12.532538349841065
Nylon_66,3000000000.0,1140,0.4,50000000.0,0.6,14.272483824
Nylon_66,3000000000.0,1140,0.4,50000000.0,0.64,16.10904448095573
Nylon_66,3000000000.0,1140,0.4,50000000.0,0.68,18.03926523355307
Nylon_66,3000000000.0,1140,0.4,50000000.0,0.72,20.060202446438396
Nylon_66,3000000000.0,1140,0.4,50000000.0,0.76,22.16892393605973
Nylon_66,3000000000.0,1140,0.4,50000000.0,0.8,24.362508970666667
Nylon_66,3000000000.0,1140,0.4,50000000.0,0.84,26.638048270310396
Nylon_66,3000000000.0,1140,0.4,50000000.0,0.88,28.99264400684373
Nylon_66,3000000000.0,1140,0.4,50000000.0,0.92,31.423409803921068
Nylon_66,3000000000.0,1140,0.4,50000000.0,0.96,33.9274707369984
Nylon_66,3000000000.0,1140,0.4,50000000.0,1.0,36.50196333333332
Nylon_66,3000000000.0,1140,0.4,50000000.0,1.04,39.144035571985064
Nylon_66,3000000000.0,1140,0.4,50000000.0,1.08,41.85084688381439
Nylon_66,3000000000.0,1140,0.4,50000000.0,1.12,44.619568151483726
Nylon_66,3000000000.0,1140,0.4,50000000.0,1.16,47.44738170945706
Nylon_66,3000000000.0,1140,0.4,50000000.0,1.2,50.33148134399999
Nylon_66,3000000000.0,1140,0.4,50000000.0,1.24,53.26907229317973
Nylon_66,3000000000.0,1140,0.4,50000000.0,1.28,56.257371246865056
Nylon_66,3000000000.0,1140,0.4,50000000.0,1.32,59.29360634672639
Nylon_66,3000000000.0,1140,0.4,50000000.0,1.36,62.37501718623572
Nylon_66,3000000000.0,1140,0.4,50000000.0,1.4000000000000001,65.49885481066667
Nylon_66,3000000000.0,1140,0.4,50000000.0,1.44,68.66238171709439
Nylon_66,3000000000.0,1140,0.4,50000000.0,1.48,71.86287185439573
Nylon_66,3000000000.0,1140,0.4,50000000.0,1.52,75.09761062324905
Nylon_66,3000000000.0,1140,0.4,50000000.0,1.56,78.36389487613441
Nylon_66,3000000000.0,1140,0.4,50000000.0,1.6,81.65903291733333
Nylon_66,3000000000.0,1140,0.4,50000000.0,1.6400000000000001,84.98034450292904
Nylon_66,3000000000.0,1140,0.4,50000000.0,1.68,88.32516084080638
Nylon_66,3000000000.0,1140,0.4,50000000.0,1.72,91.69082459065172
Nylon_66,3000000000.0,1140,0.4,50000000.0,1.76,95.07468986395307
Nylon_66,3000000000.0,1140,0.4,50000000.0,1.8,98.47412222399998
Nylon_66,3000000000.0,1140,0.4,50000000.0,1.84,101.88649868588374
Nylon_66,3000000000.0,1140,0.4,50000000.0,1.8800000000000001,105.30920771649707
Nylon_66,3000000000.0,1140,0.4,50000000.0,1.92,108.73964923453438
Nylon_66,3000000000.0,1140,0.4,50000000.0,1.96,112.1752346104917
Nylon_66,3000000000.0,1140,0.4,50000000.0,2.0,115.61338666666666
Fibra_Carbono_Uni,150000000000.0,1600,0.3,1500000000.0,0.0,0.0
Fibra_Carbono_Uni,150000000000.0,1600,0.3,1500000000.0,0.04,0.0014697100765866662
Fibra_Carbono_Uni,150000000000.0,1600,0.3,1500000000.0,0.08,0.005834152564053332
Fibra_Carbono_Uni,150000000000.0,1600,0.3,1500000000.0,0.12,0.013026536939519995
Fibra_Carbono_Uni,150000000000.0,1600,0.3,1500000000.0,0.16,0.02298039413418666
Fibra_Carbono_Uni,150000000000.0,1600,0.3,1500000000.0,0.2,0.03562957653333333
Fibra_Carbono_Uni,150000000000.0,1600,0.3,1500000000.0,0.24,0.05090825797631999
Fibra_Carbono_Uni,150000000000.0,1600,0.3,1500000000.0,0.28,0.06875093375658667
Fibra_Carbono_Uni,150000000000.0,1600,0.3,1500000000.0,0.32,0.0890924206216533
Fibra_Carbono_Uni,150000000000.0,1600,0.3,1500000000.0,0.36,0.11186785677311997
Fibra_Carbono_Uni,150000000000.0,1600,0.3,1500000000.0,0.4,0.13701270186666667
Fibra_Carbono_Uni,150000000000.0,1600,0.3,1500000000.0,0.44,0.1644627370120533
Fibra_Carbono_Uni,150000000000.0,1600,0.3,1500000000.0,0.48,0.19415406477311994
Fibra_Carbono_Uni,150000000000.0,1600,0.3,1500000000.0,0.52,0.22602310916778665
Fibra_Carbono_Uni,150000000000.0,1600,0.3,1500000000.0,0.56,0.2600066156680533
Fibra_Carbono_Uni,150000000000.0,1600,0.3,1500000000.0,0.6,0.2960416511999999
Fibra_Carbono_Uni,150000000000.0,1600,0.3,1500000000.0,0.64,0.3340656041437866
Fibra_Carbono_Uni,150000000000.0,1600,0.3,1500000000.0,0.68,0.37401618433365336
Fibra_Carbono_Uni,150000000000.0,1600,0.3,1500000000.0,0.72,0.4158314230579199
Fibra_Carbono_Uni,150000000000.0,1600,0.3,1500000000.0,0.76,0.4594496730589866
Fibra_Carbono_Uni,150000000000.0,1600,0.3,1500000000.0,0.8,0.5048096085333333
Fibra_Carbono_Uni,150000000000.0,1600,0.3,1500000000.0,0.84,0.5518502251315197
Fibra_Carbono_Uni,150000000000.0,1600,0.3,1500000000.0,0.88,0.6005108399581865
Fibra_Carbono_Uni,150000000000.0,1600,0.3,1500000000.0,0.92,0.6507310915720533
Fibra_Carbono_Uni,150000000000.0,1600,0.3,1500000000.0,0.96,0.7024509399859199
Fibra_Carbono_Uni,150000000000.0,1600,0.3,1500000000.0,1.0,0.7556106666666665
Fibra_Carbono_Uni,150000000000.0,1600,0.3,1500000000.0,1.04,0.8101508745352533
Fibra_Carbono_Uni,150000000000.0,1600,0.3,1500000000.0,1.08,0.8660124879667198
Fibra_Carbono_Uni,150000000000.0,1600,0.3,1500000000.0,1.12,0.9231367527901866
Fibra_Carbono_Uni,150000000000.0,1600,0.3,1500000000.0,1.16,0.981465236288853
Fibra_Carbono_Uni,150000000000.0,1600,0.3,1500000000.0,1.2,1.0409398271999997
Fibra_Carbono_Uni,150000000000.0,1600,0.3,1500000000.0,1.24,1.1015027357149865
Fibra_Carbono_Uni,150000000000.0,1600,0.3,1500000000.0,1.28,1.1630964934792531
Fibra_Carbono_Uni,150000000000.0,1600,0.3,1500000000.0,1.32,1.2256639535923195
Fibra_Carbono_Uni,150000000000.0,1600,0.3,1500000000.0,1.36,1.2891482906077865
Fibra_Carbono_Uni,150000000000.0,1600,0.3,1500000000.0,1.4000000000000001,1.3534930005333334
Fibra_Carbono_Uni,150000000000.0,1600,0.3,1500000000.0,1.44,1.4186419008307196
Fibra_Carbono_Uni,150000000000.0,1600,0.3,1500000000.0,1.48,1.4845391304157864
Fibra_Carbono_Uni,150000000000.0,1600,0.3,1500000000.0,1.52,1.551129149658453
Fibra_Carbono_Uni,150000000000.0,1600,0.3,1500000000.0,1.56,1.6183567403827197
Fibra_Carbono_Uni,150000000000.0,1600,0.3,1500000000.0,1.6,1.6861670058666667
Fibra_Carbono_Uni,150000000000.0,1600,0.3,1500000000.0,1.6400000000000001,1.754505370842453
Fibra_Carbono_Uni,150000000000.0,1600,0.3,1500000000.0,1.68,1.8233175814963194
Fibra_Carbono_Uni,150000000000.0,1600,0.3,1500000000.0,1.72,1.8925497054685863
Fibra_Carbono_Uni,150000000000.0,1600,0.3,1500000000.0,1.76,1.9621481318536529
Fibra_Carbono_Uni,150000000000.0,1600,0.3,1500000000.0,1.8,2.0320595711999996
Fibra_Carbono_Uni,150000000000.0,1600,0.3,1500000000.0,1.84,2.1022310555101864
Fibra_Carbono_Uni,150000000000.0,1600,0.3,1500000000.0,1.8800000000000001,2.1726099382408535
Fibra_Carbono_Uni,150000000000.0,1600,0.3,1500000000.0,1.92,2.2431438943027198
Fibra_Carbono_Uni,150000000000.0,1600,0.3,1500000000.0,1.96,2.313780920060586
Fibra_Carbono_Uni,150000000000.0,1600,0.3,1500000000.0,2.0,2.384469333333333
Concreto,30000000000.0,2400,0.2,3000000.0,0.0,0.0
Concreto,30000000000.0,2400,0.2,3000000.0,0.04,0.007844158907733332
Concreto,30000000000.0,2400,0.2,3000000.0,0.08,0.03112681089706666
Concreto,30000000000.0,2400,0.2,3000000.0,0.12,0.06947502704639998
Concreto,30000000000.0,2400,0.2,3000000.0,0.16,0.12251828933973329
Concreto,30000000000.0,2400,0.2,3000000.0,0.2,0.18988849066666666
Concreto,30000000000.0,2400,0.2,3000000.0,0.24,0.2712199348223999
Concreto,30000000000.0,2400,0.2,3000000.0,0.28,0.3661493365077333
Concreto,30000000000.0,2400,0.2,3000000.0,0.32,0.4743158213290665
Concreto,30000000000.0,2400,0.2,3000000.0,0.36,0.5953609257983998
Concreto,30000000000.0,2400,0.2,3000000.0,0.4,0.7289285973333332
Concreto,30000000000.0,2400,0.2,3000000.0,0.44,0.8746651942570663
Concreto,30000000000.0,2400,0.2,3000000.0,0.48,1.0322194857983997
Concreto,30000000000.0,2400,0.2,3000000.0,0.52,1.2012426520917332
Concreto,30000000000.0,2400,0.2,3000000.0,0.56,1.3813882841770664
Concreto,30000000000.0,2400,0.2,3000000.0,0.6,1.5723123839999997
Concreto,30000000000.0,2400,0.2,3000000.0,0.64,1.7736733644117328
Concreto,30000000000.0,2400,0.2,3000000.0,0.68,1.9851320491690665
Concreto,30000000000.0,2400,0.2,3000000.0,0.72,2.206351672934399
Concreto,30000000000.0,2400,0.2,3000000.0,0.76,2.4369978812757327
Concreto,30000000000.0,2400,0.2,3000000.0,0.8,2.6767387306666666
Concreto,30000000000.0,2400,0.2,3000000.0,0.84,2.925244688486399
Concreto,30000000000.0,2400,0.2,3000000.0,0.88,3.1821886330197318
Concreto,30000000000.0,2400,0.2,3000000.0,0.92,3.447245853457066
Concreto,30000000000.0,2400,0.2,3000000.0,0.96,3.7200940498943997
Concreto,30000000000.0,2400,0.2,3000000.0,1.0,4.000413333333332
Concreto,30000000000.0,2400,0.2,3000000.0,1.04,4.287886225681066
Concreto,30000000000.0,2400,0.2,3000000.0,1.08,4.582197659750399
Concreto,30000000000.0,2400,0.2,3000000.0,1.12,4.883034979259732
Concreto,30000000000.0,2400,0.2,3000000.0,1.16,5.190087938833066
Concreto,30000000000.0,2400,0.2,3000000.0,1.2,5.5030487039999985
Concreto,30000000000.0,2400,0.2,3000000.0,1.24,5.821611851195732
Concreto,30000000000.0,2400,0.2,3000000.0,1.28,6.145474367761065
Concreto,30000000000.0,2400,0.2,3000000.0,1.32,6.474335651942399
Concreto,30000000000.0,2400,0.2,3000000.0,1.36,6.807897512891731
Concreto,30000000000.0,2400,0.2,3000000.0,1.4000000000000001,7.145864170666666
Concreto,30000000000.0,2400,0.2,3000000.0,1.44,7.487942256230398
Concreto,30000000000.0,2400,0.2,3000000.0,1.48,7.833840811451732
Concreto,30000000000.0,2400,0.2,3000000.0,1.52,8.183271289105065
Concreto,30000000000.0,2400,0.2,3000000.0,1.56,8.535947552870399
Concreto,30000000000.0,2400,0.2,3000000.0,1.6,8.891585877333334
Concreto,30000000000.0,2400,0.2,3000000.0,1.6400000000000001,9.249904947985065
Concreto,30000000000.0,2400,0.2,3000000.0,1.68,9.610625861222397
Concreto,30000000000.0,2400,0.2,3000000.0,1.72,9.97347212434773
Concreto,30000000000.0,2400,0.2,3000000.0,1.76,10.338169655569065
Concreto,30000000000.0,2400,0.2,3000000.0,1.8,10.704446783999996
Concreto,30000000000.0,2400,0.2,3000000.0,1.84,11.072034249659731
Concreto,30000000000.0,2400,0.2,3000000.0,1.8800000000000001,11.440665203473067
Concreto,30000000000.0,2400,0.2,3000000.0,1.92,11.810075207270398
Concreto,30000000000.0,2400,0.2,3000000.0,1.96,12.180002233787727
Concreto,30000000000.0,2400,0.2,3000000.0,2.0,12.550186666666663
